marca,modelo,precio_soles,stock,tienda,Categoria
Acer,Aspire 5,2210,21,San Miguel,Oficina
HP,15-fd,2206,9,San Miguel,Oficina
HP,15-fd,2118,21,Centro de Lima,Oficina
MSI,Modern 15,3678,39,Arequipa,Profesional
ASUS,Vivobook 15,2664,23,San Miguel,Profesional
Lenovo,ThinkPad E14,3334,56,Centro de Lima,Profesional
Apple,MacBook Air M2,5416,34,Surco,Gaming
Dell,Inspiron 15,2850,31,Los Olivos,Profesional
Acer,Nitro V 15,3618,8,Trujillo,Profesional
Dell,Vostro 3520,3131,24,San Isidro,Profesional
ASUS,Zenbook 14,4276,7,Miraflores,Gaming
Apple,MacBook Air M2,4973,42,Trujillo,Gaming
Lenovo,IdeaPad Slim 3,2723,58,Surco,Profesional
Apple,MacBook Air M2,4981,47,Los Olivos,Gaming
Acer,Nitro V 15,4070,4,Piura,Gaming
Dell,Inspiron 15,2869,48,Surco,Profesional
Lenovo,IdeaPad Slim 3,2826,52,Piura,Profesional
Acer,Aspire 5,2345,44,San Isidro,Oficina
HP,15-fd,2095,57,Piura,Oficina
ASUS,Zenbook 14,5026,33,Centro de Lima,Gaming
HP,15-fd,2589,53,Piura,Profesional
Apple,MacBook Air M2,5362,52,Los Olivos,Gaming
ASUS,Vivobook 15,3014,30,Los Olivos,Profesional
ASUS,Vivobook 15,2568,16,Arequipa,Profesional
HP,15-fd,2594,52,San Isidro,Profesional
Apple,MacBook Air M3,5883,51,San Miguel,Premium
ASUS,Zenbook 14,4313,48,San Miguel,Gaming
MSI,Katana 15,5261,24,Chiclayo,Gaming
Lenovo,ThinkPad E14,3251,42,San Isidro,Profesional
ASUS,Vivobook 15,2896,60,Arequipa,Profesional
MSI,Modern 15,3203,59,San Isidro,Profesional
Acer,Nitro V 15,3911,5,Chiclayo,Profesional
HP,Pavilion 15,3599,27,Centro de Lima,Profesional
Apple,MacBook Air M2,4910,9,San Miguel,Gaming
MSI,Katana 15,5220,19,Chiclayo,Gaming
Dell,Inspiron 15,2670,55,Miraflores,Profesional
Dell,Inspiron 15,2838,43,Trujillo,Profesional
Lenovo,IdeaPad Slim 3,3059,26,Centro de Lima,Profesional
Dell,Vostro 3520,2959,1,Chiclayo,Profesional
Apple,MacBook Air M3,5637,12,Chiclayo,Premium
HP,15-fd,1960,20,Miraflores,Oficina
MSI,Katana 15,4971,57,San Isidro,Gaming
Acer,Nitro V 15,3663,12,San Isidro,Profesional
HP,Pavilion 15,3660,39,San Miguel,Profesional
HP,Pavilion 15,3416,2,Chiclayo,Profesional
HP,15-fd,2220,16,San Miguel,Oficina
HP,Pavilion 15,2958,47,Piura,Profesional
Dell,Vostro 3520,2672,24,San Isidro,Profesional
ASUS,Zenbook 14,4257,20,Trujillo,Gaming
MSI,Modern 15,2988,6,Surco,Profesional
Dell,Vostro 3520,2468,11,Surco,Oficina
Lenovo,IdeaPad Slim 3,2522,4,Centro de Lima,Profesional
Apple,MacBook Air M2,4779,47,Surco,Gaming
Lenovo,IdeaPad Slim 3,3072,50,Miraflores,Profesional
Acer,Nitro V 15,4332,19,Surco,Gaming
Apple,MacBook Air M2,4625,57,San Miguel,Gaming
HP,Pavilion 15,3510,1,Los Olivos,Profesional
Lenovo,ThinkPad E14,3480,56,Chiclayo,Profesional
HP,Pavilion 15,3273,4,Centro de Lima,Profesional
Dell,Inspiron 15,3148,43,Surco,Profesional
HP,15-fd,2409,43,Arequipa,Oficina
Acer,Aspire 5,2559,20,San Miguel,Profesional
Dell,Inspiron 15,3238,13,Piura,Profesional
Acer,Nitro V 15,4071,6,Arequipa,Gaming
HP,15-fd,2448,54,Surco,Oficina
MSI,Katana 15,5529,40,Los Olivos,Premium
Acer,Nitro V 15,3931,23,Los Olivos,Profesional
Dell,Inspiron 15,3489,38,Chiclayo,Profesional
ASUS,Zenbook 14,4892,57,Miraflores,Gaming
Lenovo,ThinkPad E14,3128,51,Surco,Profesional
HP,15-fd,2451,18,Chiclayo,Oficina
HP,15-fd,1826,6,Surco,Oficina
Acer,Nitro V 15,3738,31,Centro de Lima,Profesional
MSI,Katana 15,5701,59,Centro de Lima,Premium
Dell,Vostro 3520,2487,57,San Isidro,Oficina
Acer,Aspire 5,2602,53,Los Olivos,Profesional
ASUS,Zenbook 14,4843,48,San Miguel,Gaming
Apple,MacBook Air M2,5050,18,Los Olivos,Gaming
Apple,MacBook Air M3,6322,54,Trujillo,Premium
HP,15-fd,2292,10,Piura,Oficina
Lenovo,ThinkPad E14,3975,53,Trujillo,Profesional
Apple,MacBook Air M2,4662,12,Piura,Gaming
Dell,Vostro 3520,3230,10,San Miguel,Profesional
ASUS,Zenbook 14,4384,2,Chiclayo,Gaming
MSI,Katana 15,4956,30,San Miguel,Gaming
Dell,Vostro 3520,2588,12,Miraflores,Profesional
Dell,Vostro 3520,2907,2,Chiclayo,Profesional
Acer,Aspire 5,2894,21,Chiclayo,Profesional
HP,15-fd,2258,33,San Isidro,Oficina
Apple,MacBook Air M3,6091,52,San Miguel,Premium
Dell,Vostro 3520,2826,34,Arequipa,Profesional
Lenovo,IdeaPad Slim 3,2488,37,Arequipa,Oficina
MSI,Katana 15,5609,27,Miraflores,Premium
Apple,MacBook Air M2,5471,22,Trujillo,Gaming
ASUS,Zenbook 14,4420,37,San Isidro,Gaming
MSI,Katana 15,5349,47,Centro de Lima,Gaming
HP,Pavilion 15,3515,45,Piura,Profesional
MSI,Modern 15,3034,21,Miraflores,Profesional
MSI,Modern 15,3597,55,Piura,Profesional
Acer,Nitro V 15,4006,11,Trujillo,Gaming
ASUS,Zenbook 14,4916,39,Miraflores,Gaming
Lenovo,ThinkPad E14,3808,10,Miraflores,Profesional
Apple,MacBook Air M3,6386,42,Piura,Premium
Apple,MacBook Air M3,5616,6,Surco,Premium
Lenovo,ThinkPad E14,3234,51,San Miguel,Profesional
Lenovo,ThinkPad E14,3411,48,Arequipa,Profesional
HP,Pavilion 15,3717,34,Miraflores,Profesional
Lenovo,ThinkPad E14,3332,44,Arequipa,Profesional
MSI,Katana 15,5109,56,Chiclayo,Gaming
Dell,Inspiron 15,2932,9,San Isidro,Profesional
HP,15-fd,1808,50,Surco,Oficina
Apple,MacBook Air M2,5033,27,San Miguel,Gaming
Dell,Vostro 3520,2543,35,Piura,Profesional
HP,15-fd,2578,24,Miraflores,Profesional
HP,Pavilion 15,2927,25,San Isidro,Profesional
Dell,Inspiron 15,2834,37,Chiclayo,Profesional
Lenovo,IdeaPad Slim 3,2751,22,Chiclayo,Profesional
Apple,MacBook Air M2,5090,11,Los Olivos,Gaming
Apple,MacBook Air M2,4631,1,Chiclayo,Gaming
MSI,Katana 15,5309,3,San Miguel,Gaming
Acer,Aspire 5,2131,19,Chiclayo,Oficina
HP,15-fd,2480,14,Miraflores,Oficina
MSI,Modern 15,3373,15,San Isidro,Profesional
MSI,Katana 15,5734,5,Arequipa,Premium
Dell,Vostro 3520,2902,15,Piura,Profesional
Lenovo,ThinkPad E14,3372,10,Surco,Profesional
MSI,Modern 15,3494,11,Centro de Lima,Profesional
ASUS,Vivobook 15,2633,6,Centro de Lima,Profesional
ASUS,Vivobook 15,2602,56,Arequipa,Profesional
HP,Pavilion 15,2998,14,Chiclayo,Profesional
ASUS,Zenbook 14,4511,34,Los Olivos,Gaming
ASUS,Zenbook 14,4520,42,Arequipa,Gaming
Lenovo,ThinkPad E14,3234,59,Trujillo,Profesional
Lenovo,ThinkPad E14,3407,12,Miraflores,Profesional
ASUS,Zenbook 14,4791,59,Piura,Gaming
HP,Pavilion 15,3245,45,Miraflores,Profesional
MSI,Katana 15,5592,35,Miraflores,Premium
MSI,Katana 15,5364,34,Los Olivos,Gaming
Dell,Inspiron 15,3302,8,Chiclayo,Profesional
HP,15-fd,2504,9,Los Olivos,Profesional
Lenovo,IdeaPad Slim 3,3053,29,Miraflores,Profesional
Dell,Inspiron 15,3322,41,Miraflores,Profesional
ASUS,Vivobook 15,2954,39,Centro de Lima,Profesional
Apple,MacBook Air M3,5777,44,Piura,Premium
Dell,Inspiron 15,3306,20,Trujillo,Profesional
HP,15-fd,2266,29,San Isidro,Oficina
MSI,Modern 15,3191,4,San Isidro,Profesional
Apple,MacBook Air M3,6242,46,San Miguel,Premium
Dell,Vostro 3520,3057,14,Los Olivos,Profesional
Apple,MacBook Air M3,5890,59,San Isidro,Premium
MSI,Modern 15,3277,31,Los Olivos,Profesional
Lenovo,IdeaPad Slim 3,2877,34,Miraflores,Profesional
ASUS,Zenbook 14,4804,47,Trujillo,Gaming
Lenovo,IdeaPad Slim 3,3127,29,Surco,Profesional
MSI,Modern 15,3663,58,San Isidro,Profesional
Dell,Inspiron 15,2861,12,San Miguel,Profesional
Acer,Aspire 5,2447,45,Chiclayo,Oficina
ASUS,Zenbook 14,4594,43,Centro de Lima,Gaming
Lenovo,IdeaPad Slim 3,2302,4,San Isidro,Oficina
Apple,MacBook Air M3,5779,14,Arequipa,Premium
ASUS,Zenbook 14,4637,20,Los Olivos,Gaming
HP,Pavilion 15,3736,42,San Miguel,Profesional
HP,Pavilion 15,3679,19,Chiclayo,Profesional
MSI,Modern 15,2947,57,San Miguel,Profesional
MSI,Modern 15,3215,18,Piura,Profesional
HP,15-fd,2581,44,Miraflores,Profesional
Dell,Inspiron 15,2727,58,Piura,Profesional
Dell,Inspiron 15,3463,42,Los Olivos,Profesional
Apple,MacBook Air M2,5341,14,San Isidro,Gaming
MSI,Modern 15,2945,6,Trujillo,Profesional
ASUS,Zenbook 14,5008,6,Surco,Gaming
HP,Pavilion 15,3284,1,Piura,Profesional
ASUS,Zenbook 14,4567,3,Arequipa,Gaming
HP,Pavilion 15,3314,57,Piura,Profesional
HP,Pavilion 15,3590,23,San Isidro,Profesional
MSI,Modern 15,3618,41,Trujillo,Profesional
MSI,Modern 15,2907,3,San Miguel,Profesional
Apple,MacBook Air M2,5425,54,Los Olivos,Gaming
Apple,MacBook Air M2,5048,53,Piura,Gaming
Apple,MacBook Air M2,4744,17,San Miguel,Gaming
Apple,MacBook Air M2,5039,54,Centro de Lima,Gaming
ASUS,Zenbook 14,4878,57,Centro de Lima,Gaming
Acer,Nitro V 15,3868,10,Miraflores,Profesional
MSI,Modern 15,3125,1,Surco,Profesional
MSI,Katana 15,5495,9,Piura,Gaming
HP,Pavilion 15,3217,38,Miraflores,Profesional
Dell,Vostro 3520,2552,1,Arequipa,Profesional
Dell,Inspiron 15,3334,14,Los Olivos,Profesional
Dell,Vostro 3520,2449,32,Surco,Oficina
Dell,Vostro 3520,2941,47,Surco,Profesional
Acer,Nitro V 15,3981,26,Trujillo,Profesional
Dell,Vostro 3520,3187,34,Chiclayo,Profesional
Dell,Inspiron 15,3470,50,Piura,Profesional
Apple,MacBook Air M2,5364,60,Arequipa,Gaming
ASUS,Vivobook 15,2741,33,Surco,Profesional
Apple,MacBook Air M3,6096,18,Miraflores,Premium
Lenovo,ThinkPad E14,3553,25,San Isidro,Profesional
MSI,Katana 15,5464,57,Centro de Lima,Gaming
ASUS,Vivobook 15,2448,38,Surco,Oficina
Dell,Vostro 3520,2794,42,Arequipa,Profesional
MSI,Katana 15,5167,45,Piura,Gaming
Apple,MacBook Air M2,5069,1,San Isidro,Gaming
MSI,Katana 15,5532,14,Centro de Lima,Premium
Acer,Nitro V 15,4391,47,Los Olivos,Gaming
MSI,Modern 15,3338,35,Trujillo,Profesional
ASUS,Zenbook 14,4534,47,Arequipa,Gaming
Dell,Vostro 3520,2434,15,Trujillo,Oficina
Lenovo,ThinkPad E14,3932,29,Surco,Profesional
HP,15-fd,2191,43,Chiclayo,Oficina
Acer,Nitro V 15,3889,4,Trujillo,Profesional
MSI,Katana 15,5186,32,San Miguel,Gaming
Dell,Vostro 3520,2782,59,Arequipa,Profesional
HP,15-fd,1938,49,Arequipa,Oficina
HP,15-fd,2007,14,Arequipa,Oficina
Apple,MacBook Air M3,6137,46,San Isidro,Premium
Dell,Vostro 3520,2868,11,Centro de Lima,Profesional
Lenovo,IdeaPad Slim 3,2475,21,Surco,Oficina
HP,Pavilion 15,3624,22,Surco,Profesional
Acer,Aspire 5,2382,44,San Miguel,Oficina
MSI,Katana 15,5514,2,Arequipa,Premium
Dell,Inspiron 15,3248,31,Piura,Profesional
Apple,MacBook Air M2,4672,26,Piura,Gaming
HP,Pavilion 15,3567,16,San Miguel,Profesional
Acer,Aspire 5,2759,26,Miraflores,Profesional
Apple,MacBook Air M3,5957,18,San Miguel,Premium
Dell,Vostro 3520,3018,34,Surco,Profesional
MSI,Modern 15,3322,18,Arequipa,Profesional
Lenovo,IdeaPad Slim 3,2870,16,Centro de Lima,Profesional
Acer,Nitro V 15,4401,4,San Miguel,Gaming
Acer,Nitro V 15,4069,27,Miraflores,Gaming
Dell,Inspiron 15,3091,30,Centro de Lima,Profesional
Dell,Vostro 3520,3056,47,Surco,Profesional
HP,Pavilion 15,3301,51,Trujillo,Profesional
Lenovo,ThinkPad E14,3128,5,San Isidro,Profesional
ASUS,Zenbook 14,4270,15,Chiclayo,Gaming
Dell,Vostro 3520,3056,41,Los Olivos,Profesional
HP,15-fd,1859,8,Arequipa,Oficina
Apple,MacBook Air M2,4893,15,Trujillo,Gaming
Lenovo,ThinkPad E14,3163,58,Chiclayo,Profesional
HP,15-fd,1831,30,Piura,Oficina
Lenovo,IdeaPad Slim 3,2538,53,San Miguel,Profesional
Acer,Aspire 5,2143,27,Trujillo,Oficina
HP,Pavilion 15,3432,19,Piura,Profesional
HP,Pavilion 15,3691,56,Arequipa,Profesional
Dell,Inspiron 15,3073,50,Chiclayo,Profesional
Lenovo,IdeaPad Slim 3,2926,22,Trujillo,Profesional
Dell,Inspiron 15,2708,12,San Miguel,Profesional
Lenovo,IdeaPad Slim 3,2457,50,San Miguel,Oficina
Dell,Inspiron 15,2713,54,Centro de Lima,Profesional
ASUS,Vivobook 15,2903,54,Piura,Profesional
Apple,MacBook Air M3,6359,60,Los Olivos,Premium
HP,Pavilion 15,3299,40,Los Olivos,Profesional
Dell,Vostro 3520,2808,7,Chiclayo,Profesional
Acer,Aspire 5,2363,5,Arequipa,Oficina
MSI,Modern 15,3089,8,Piura,Profesional
HP,15-fd,1964,35,San Isidro,Oficina
Dell,Vostro 3520,2964,50,San Miguel,Profesional
Dell,Inspiron 15,2911,54,Arequipa,Profesional
Acer,Nitro V 15,4170,30,San Miguel,Gaming
MSI,Katana 15,5288,44,Miraflores,Gaming
Acer,Aspire 5,2268,9,Trujillo,Oficina
Lenovo,IdeaPad Slim 3,2653,56,Piura,Profesional
ASUS,Vivobook 15,3085,23,Piura,Profesional
Apple,MacBook Air M2,4872,39,Piura,Gaming
Dell,Vostro 3520,3196,18,Miraflores,Profesional
MSI,Modern 15,3122,20,Los Olivos,Profesional
MSI,Katana 15,5298,23,Trujillo,Gaming
HP,15-fd,2554,60,Surco,Profesional
HP,Pavilion 15,3554,8,San Isidro,Profesional
Lenovo,ThinkPad E14,3277,1,Los Olivos,Profesional
HP,15-fd,2377,2,San Miguel,Oficina
MSI,Katana 15,5223,21,Arequipa,Gaming
Dell,Vostro 3520,2454,13,Miraflores,Oficina
Acer,Aspire 5,2960,47,San Isidro,Profesional
MSI,Modern 15,3111,31,Centro de Lima,Profesional
Acer,Aspire 5,2959,9,Miraflores,Profesional
Acer,Aspire 5,2854,50,Surco,Profesional
Apple,MacBook Air M2,4601,49,Piura,Gaming
HP,Pavilion 15,3506,28,Trujillo,Profesional
Dell,Inspiron 15,2629,49,Miraflores,Profesional
Dell,Vostro 3520,3217,12,Los Olivos,Profesional
HP,15-fd,2359,1,Centro de Lima,Oficina
Apple,MacBook Air M3,5852,20,Trujillo,Premium
Dell,Vostro 3520,2936,45,San Isidro,Profesional
HP,15-fd,2138,53,Piura,Oficina
MSI,Modern 15,3019,37,San Isidro,Profesional
ASUS,Zenbook 14,4245,39,Los Olivos,Gaming
ASUS,Vivobook 15,3026,52,Surco,Profesional
ASUS,Zenbook 14,4684,56,Centro de Lima,Gaming
Acer,Aspire 5,2806,53,San Miguel,Profesional
Apple,MacBook Air M3,6435,12,Piura,Premium
HP,Pavilion 15,2918,46,Piura,Profesional
Lenovo,ThinkPad E14,3314,6,Piura,Profesional
HP,Pavilion 15,3344,46,Los Olivos,Profesional
ASUS,Vivobook 15,2458,17,Surco,Oficina
Lenovo,ThinkPad E14,3219,26,Los Olivos,Profesional
MSI,Katana 15,5219,54,Piura,Gaming
ASUS,Vivobook 15,2461,45,San Isidro,Oficina
Apple,MacBook Air M2,5022,15,Los Olivos,Gaming
MSI,Katana 15,5693,1,San Isidro,Premium
Dell,Inspiron 15,2795,56,Centro de Lima,Profesional
ASUS,Vivobook 15,2639,10,San Miguel,Profesional
Lenovo,ThinkPad E14,3633,31,Trujillo,Profesional
Dell,Vostro 3520,2996,1,San Miguel,Profesional
HP,Pavilion 15,3000,9,Piura,Profesional
Apple,MacBook Air M3,6215,33,Trujillo,Premium
Acer,Aspire 5,2744,52,Chiclayo,Profesional
HP,15-fd,2252,10,Surco,Oficina
Dell,Inspiron 15,3429,49,Los Olivos,Profesional
MSI,Katana 15,5294,35,San Miguel,Gaming
Acer,Nitro V 15,4218,27,Miraflores,Gaming
ASUS,Zenbook 14,4722,23,Arequipa,Gaming
Apple,MacBook Air M2,4852,1,Arequipa,Gaming
MSI,Modern 15,3113,2,San Isidro,Profesional
ASUS,Zenbook 14,5052,18,Los Olivos,Gaming
HP,15-fd,2400,4,Piura,Oficina
MSI,Modern 15,3502,42,San Miguel,Profesional
Apple,MacBook Air M3,5720,23,Centro de Lima,Premium
MSI,Modern 15,3675,31,Centro de Lima,Profesional
MSI,Katana 15,5139,21,Los Olivos,Gaming
Dell,Inspiron 15,3042,56,Miraflores,Profesional
Apple,MacBook Air M2,4624,13,Miraflores,Gaming
ASUS,Vivobook 15,2522,4,Arequipa,Profesional
ASUS,Zenbook 14,4431,10,Arequipa,Gaming
Acer,Nitro V 15,3802,17,Trujillo,Profesional
Dell,Inspiron 15,3400,36,Chiclayo,Profesional
MSI,Modern 15,3551,11,Centro de Lima,Profesional
Acer,Aspire 5,2261,10,Surco,Oficina
Apple,MacBook Air M3,5744,45,Arequipa,Premium
ASUS,Vivobook 15,2256,5,Surco,Oficina
Apple,MacBook Air M2,5083,30,Trujillo,Gaming
MSI,Modern 15,3023,4,Centro de Lima,Profesional
Dell,Vostro 3520,2587,48,Piura,Profesional
Acer,Nitro V 15,4055,22,San Miguel,Gaming
Acer,Nitro V 15,4247,51,Chiclayo,Gaming
Acer,Nitro V 15,4255,10,Los Olivos,Gaming
Apple,MacBook Air M2,4726,40,Centro de Lima,Gaming
Dell,Vostro 3520,2657,56,Los Olivos,Profesional
MSI,Katana 15,4948,10,Trujillo,Gaming
MSI,Katana 15,5498,29,Miraflores,Gaming
Lenovo,ThinkPad E14,3556,3,Arequipa,Profesional
ASUS,Zenbook 14,4354,21,Arequipa,Gaming
Apple,MacBook Air M3,6052,55,Piura,Premium
Acer,Nitro V 15,4307,3,San Isidro,Gaming
ASUS,Zenbook 14,4603,43,Centro de Lima,Gaming
MSI,Modern 15,3482,19,Surco,Profesional
ASUS,Zenbook 14,4716,43,Centro de Lima,Gaming
ASUS,Vivobook 15,2538,59,Centro de Lima,Profesional
HP,Pavilion 15,3193,2,Chiclayo,Profesional
Apple,MacBook Air M2,4838,8,Miraflores,Gaming
Apple,MacBook Air M2,5306,7,Centro de Lima,Gaming
Acer,Aspire 5,2797,13,San Isidro,Profesional
Lenovo,IdeaPad Slim 3,2736,8,Chiclayo,Profesional
Acer,Nitro V 15,3721,57,San Isidro,Profesional
HP,Pavilion 15,3607,33,Piura,Profesional
Lenovo,ThinkPad E14,3185,55,Los Olivos,Profesional
Dell,Vostro 3520,2456,41,Trujillo,Oficina
MSI,Modern 15,2826,42,Surco,Profesional
ASUS,Zenbook 14,4965,38,Centro de Lima,Gaming
MSI,Katana 15,5418,53,Surco,Gaming
Acer,Aspire 5,2331,48,Piura,Oficina
Lenovo,IdeaPad Slim 3,3141,42,Trujillo,Profesional
ASUS,Vivobook 15,2538,37,Los Olivos,Profesional
MSI,Katana 15,5249,5,San Isidro,Gaming
ASUS,Zenbook 14,4527,23,Surco,Gaming
HP,15-fd,2497,18,Trujillo,Oficina
Dell,Inspiron 15,3442,56,San Isidro,Profesional
Lenovo,ThinkPad E14,3704,22,Trujillo,Profesional
HP,Pavilion 15,3633,41,Centro de Lima,Profesional
Dell,Inspiron 15,3207,4,Trujillo,Profesional
Lenovo,IdeaPad Slim 3,2404,41,San Miguel,Oficina
MSI,Katana 15,5570,14,San Isidro,Premium
HP,15-fd,1858,13,San Miguel,Oficina
HP,Pavilion 15,3311,4,San Miguel,Profesional
Acer,Aspire 5,2662,35,Centro de Lima,Profesional
Apple,MacBook Air M3,6194,50,Surco,Premium
HP,Pavilion 15,3345,33,Chiclayo,Profesional
Acer,Aspire 5,2609,30,Los Olivos,Profesional
Acer,Aspire 5,2415,21,Centro de Lima,Oficina
Acer,Aspire 5,2199,48,San Isidro,Oficina
Lenovo,ThinkPad E14,3544,26,Surco,Profesional
ASUS,Vivobook 15,2315,44,Piura,Oficina
Apple,MacBook Air M2,5043,43,Centro de Lima,Gaming
Dell,Vostro 3520,2700,7,San Isidro,Profesional
Acer,Aspire 5,2470,35,Miraflores,Oficina
ASUS,Zenbook 14,4572,37,Centro de Lima,Gaming
Apple,MacBook Air M2,4946,30,Miraflores,Gaming
Dell,Inspiron 15,3215,53,Centro de Lima,Profesional
Apple,MacBook Air M3,5769,27,Piura,Premium
Apple,MacBook Air M2,5408,46,Surco,Gaming
MSI,Katana 15,5454,15,Chiclayo,Gaming
Acer,Nitro V 15,4320,2,Chiclayo,Gaming
ASUS,Zenbook 14,4400,11,San Miguel,Gaming
HP,Pavilion 15,2975,7,Centro de Lima,Profesional
Lenovo,IdeaPad Slim 3,2358,41,Arequipa,Oficina
HP,15-fd,2463,9,San Isidro,Oficina
HP,Pavilion 15,3014,29,San Miguel,Profesional
HP,15-fd,2548,58,Trujillo,Profesional
Dell,Inspiron 15,2619,58,San Miguel,Profesional
Apple,MacBook Air M3,5752,49,Los Olivos,Premium
Acer,Aspire 5,2224,22,Centro de Lima,Oficina
MSI,Modern 15,2990,56,Arequipa,Profesional
Apple,MacBook Air M3,5638,26,Miraflores,Premium
Apple,MacBook Air M3,6037,39,San Miguel,Premium
MSI,Modern 15,3324,17,Chiclayo,Profesional
Dell,Inspiron 15,3161,31,Piura,Profesional
HP,15-fd,2239,31,Surco,Oficina
Dell,Inspiron 15,2901,5,San Isidro,Profesional
HP,15-fd,2078,10,San Isidro,Oficina
Acer,Nitro V 15,4228,27,San Isidro,Gaming
ASUS,Zenbook 14,4620,4,Piura,Gaming
Dell,Inspiron 15,3234,1,Miraflores,Profesional
Lenovo,ThinkPad E14,3872,10,Miraflores,Profesional
Lenovo,ThinkPad E14,3323,27,Piura,Profesional
ASUS,Vivobook 15,2761,46,Miraflores,Profesional
ASUS,Zenbook 14,4595,34,Trujillo,Gaming
Dell,Inspiron 15,3465,6,San Isidro,Profesional
MSI,Modern 15,3126,50,San Isidro,Profesional
Dell,Inspiron 15,3183,30,Trujillo,Profesional
HP,15-fd,2198,11,Chiclayo,Oficina
Apple,MacBook Air M2,5410,23,Arequipa,Gaming
Apple,MacBook Air M3,5892,56,Centro de Lima,Premium
MSI,Modern 15,2980,60,Arequipa,Profesional
Acer,Aspire 5,2670,7,Trujillo,Profesional
Acer,Nitro V 15,3812,53,Trujillo,Profesional
Acer,Nitro V 15,3944,56,Chiclayo,Profesional
Dell,Inspiron 15,3166,23,San Miguel,Profesional
ASUS,Vivobook 15,2902,57,San Isidro,Profesional
MSI,Katana 15,5258,33,Centro de Lima,Gaming
HP,Pavilion 15,3530,4,Los Olivos,Profesional
HP,15-fd,2048,6,San Miguel,Oficina
HP,Pavilion 15,3060,36,San Isidro,Profesional
Apple,MacBook Air M3,6156,55,Piura,Premium
MSI,Modern 15,2801,33,Arequipa,Profesional
ASUS,Zenbook 14,4467,20,Arequipa,Gaming
MSI,Modern 15,2852,40,Piura,Profesional
Lenovo,ThinkPad E14,3133,41,Piura,Profesional
Dell,Vostro 3520,3019,12,Los Olivos,Profesional
HP,15-fd,2463,36,Trujillo,Oficina
ASUS,Zenbook 14,4291,26,Miraflores,Gaming
Dell,Vostro 3520,3020,33,Trujillo,Profesional
Apple,MacBook Air M2,4747,1,Chiclayo,Gaming
Lenovo,ThinkPad E14,3113,31,Centro de Lima,Profesional
Acer,Aspire 5,2599,14,Miraflores,Profesional
Acer,Aspire 5,2107,28,Centro de Lima,Oficina
MSI,Modern 15,3530,29,San Miguel,Profesional
MSI,Katana 15,5230,24,Arequipa,Gaming
Dell,Inspiron 15,2979,30,Arequipa,Profesional
Acer,Aspire 5,2209,31,San Miguel,Oficina
Dell,Vostro 3520,2533,42,Trujillo,Profesional
ASUS,Zenbook 14,4300,18,Miraflores,Gaming
Acer,Nitro V 15,4281,37,Chiclayo,Gaming
Lenovo,IdeaPad Slim 3,2509,39,Chiclayo,Profesional
Lenovo,IdeaPad Slim 3,2535,18,Trujillo,Profesional
Apple,MacBook Air M2,5160,39,Centro de Lima,Gaming
HP,15-fd,2148,44,Piura,Oficina
Lenovo,IdeaPad Slim 3,3031,32,Los Olivos,Profesional
Dell,Vostro 3520,2931,46,Centro de Lima,Profesional
ASUS,Vivobook 15,2812,58,Surco,Profesional
Dell,Vostro 3520,2965,16,San Miguel,Profesional
Acer,Aspire 5,2882,12,Miraflores,Profesional
MSI,Katana 15,5633,52,Surco,Premium
Dell,Vostro 3520,2663,57,Piura,Profesional
ASUS,Zenbook 14,4365,51,Arequipa,Gaming
Lenovo,IdeaPad Slim 3,2302,40,Los Olivos,Oficina
HP,15-fd,2317,11,Trujillo,Oficina
MSI,Katana 15,4923,37,San Miguel,Gaming
Apple,MacBook Air M3,6204,57,Trujillo,Premium
Dell,Vostro 3520,2701,48,Miraflores,Profesional
Apple,MacBook Air M3,5851,42,Los Olivos,Premium
Dell,Inspiron 15,2727,10,Miraflores,Profesional
Acer,Nitro V 15,3939,38,Piura,Profesional
Dell,Inspiron 15,2990,32,Centro de Lima,Profesional
HP,Pavilion 15,2940,48,Surco,Profesional
MSI,Katana 15,5527,43,San Isidro,Premium
Acer,Aspire 5,2319,23,Piura,Oficina
HP,15-fd,2508,55,Arequipa,Profesional
Apple,MacBook Air M3,5915,12,San Isidro,Premium
Dell,Vostro 3520,2906,7,Piura,Profesional
MSI,Katana 15,5152,16,Arequipa,Gaming
Apple,MacBook Air M2,5388,41,San Miguel,Gaming
Dell,Vostro 3520,3140,1,Chiclayo,Profesional
MSI,Katana 15,5436,27,Arequipa,Gaming
MSI,Modern 15,3482,5,Centro de Lima,Profesional
Lenovo,ThinkPad E14,3492,49,San Miguel,Profesional
HP,Pavilion 15,3143,8,Miraflores,Profesional
Apple,MacBook Air M2,5125,33,Piura,Gaming
HP,Pavilion 15,3258,4,Piura,Profesional
Lenovo,IdeaPad Slim 3,2406,24,Centro de Lima,Oficina
Acer,Nitro V 15,3882,20,Arequipa,Profesional
Dell,Vostro 3520,2499,25,Piura,Oficina
Lenovo,ThinkPad E14,3419,37,Chiclayo,Profesional
HP,15-fd,1989,56,Arequipa,Oficina
MSI,Modern 15,3195,24,Miraflores,Profesional
HP,15-fd,2337,40,Piura,Oficina
MSI,Modern 15,3370,2,Miraflores,Profesional
ASUS,Zenbook 14,4962,37,Miraflores,Gaming
MSI,Modern 15,3593,19,Arequipa,Profesional
Lenovo,IdeaPad Slim 3,2419,40,Arequipa,Oficina
Acer,Nitro V 15,3858,45,San Isidro,Profesional
Dell,Vostro 3520,2494,39,San Isidro,Oficina
Apple,MacBook Air M3,5710,40,San Isidro,Premium
ASUS,Vivobook 15,3078,34,Los Olivos,Profesional
HP,15-fd,2608,30,Chiclayo,Profesional
Acer,Aspire 5,2273,1,San Isidro,Oficina
MSI,Katana 15,5027,26,Chiclayo,Gaming
HP,Pavilion 15,3523,55,Piura,Profesional
HP,15-fd,2259,28,Chiclayo,Oficina
HP,15-fd,2326,30,Piura,Oficina
Acer,Nitro V 15,3966,22,Chiclayo,Profesional
HP,15-fd,2364,35,Arequipa,Oficina
Apple,MacBook Air M3,6396,6,San Miguel,Premium
HP,15-fd,2401,2,Centro de Lima,Oficina
Lenovo,IdeaPad Slim 3,2936,30,Surco,Profesional
Acer,Nitro V 15,4120,43,Surco,Gaming
Dell,Inspiron 15,2734,25,Miraflores,Profesional
Lenovo,IdeaPad Slim 3,2679,55,San Isidro,Profesional
HP,Pavilion 15,3090,19,San Isidro,Profesional
Lenovo,ThinkPad E14,3164,19,San Isidro,Profesional
Lenovo,ThinkPad E14,3160,29,Arequipa,Profesional
Acer,Nitro V 15,4248,8,San Isidro,Gaming
HP,Pavilion 15,3380,50,Chiclayo,Profesional
ASUS,Zenbook 14,4643,4,Los Olivos,Gaming
Lenovo,ThinkPad E14,3489,48,Miraflores,Profesional
HP,15-fd,2468,40,Trujillo,Oficina
Acer,Nitro V 15,4134,20,Piura,Gaming
MSI,Modern 15,3641,31,Los Olivos,Profesional
MSI,Katana 15,5771,18,Arequipa,Premium
Acer,Nitro V 15,3622,56,Centro de Lima,Profesional
Dell,Inspiron 15,2896,51,Los Olivos,Profesional
Apple,MacBook Air M3,5879,50,Centro de Lima,Premium
Acer,Nitro V 15,4090,39,Piura,Gaming
Apple,MacBook Air M3,6043,55,Miraflores,Premium
Acer,Aspire 5,2175,16,Centro de Lima,Oficina
Apple,MacBook Air M2,5185,52,San Isidro,Gaming
Dell,Vostro 3520,2965,15,Centro de Lima,Profesional
Acer,Nitro V 15,4149,4,Chiclayo,Gaming
MSI,Modern 15,3178,49,Surco,Profesional
Acer,Nitro V 15,3861,25,Piura,Profesional
Dell,Vostro 3520,2560,44,Surco,Profesional
HP,Pavilion 15,3226,46,San Isidro,Profesional
Dell,Inspiron 15,3465,52,Trujillo,Profesional
ASUS,Vivobook 15,2816,15,Surco,Profesional
Acer,Aspire 5,2921,45,San Miguel,Profesional
Lenovo,ThinkPad E14,3521,10,Miraflores,Profesional
HP,Pavilion 15,3639,48,San Isidro,Profesional
MSI,Modern 15,2960,9,Piura,Profesional
Lenovo,ThinkPad E14,3180,36,Centro de Lima,Profesional
Dell,Inspiron 15,3153,38,San Isidro,Profesional
Apple,MacBook Air M3,6157,8,Arequipa,Premium
HP,15-fd,2058,26,San Miguel,Oficina
Dell,Vostro 3520,2902,55,Chiclayo,Profesional
ASUS,Vivobook 15,2808,52,Chiclayo,Profesional
ASUS,Zenbook 14,5049,20,San Miguel,Gaming
Apple,MacBook Air M2,5066,19,Los Olivos,Gaming
MSI,Katana 15,5327,18,San Miguel,Gaming
Dell,Inspiron 15,3380,48,Chiclayo,Profesional
MSI,Modern 15,3573,42,San Isidro,Profesional
Acer,Nitro V 15,4067,21,Chiclayo,Gaming
HP,15-fd,1960,31,San Isidro,Oficina
Apple,MacBook Air M2,4915,12,San Isidro,Gaming
Apple,MacBook Air M3,6342,27,San Isidro,Premium
Lenovo,ThinkPad E14,3941,11,Los Olivos,Profesional
Apple,MacBook Air M2,5125,13,Chiclayo,Gaming
Lenovo,IdeaPad Slim 3,2413,17,San Isidro,Oficina
HP,Pavilion 15,3739,42,Chiclayo,Profesional
HP,Pavilion 15,3059,10,Chiclayo,Profesional
Acer,Nitro V 15,3647,6,Surco,Profesional
Apple,MacBook Air M3,5833,7,Chiclayo,Premium
ASUS,Vivobook 15,2316,17,Miraflores,Oficina
ASUS,Zenbook 14,4746,53,Centro de Lima,Gaming
Dell,Inspiron 15,3468,5,Miraflores,Profesional
Dell,Vostro 3520,3041,53,Los Olivos,Profesional
Dell,Vostro 3520,3122,3,Los Olivos,Profesional
Apple,MacBook Air M2,4707,15,Miraflores,Gaming
Acer,Aspire 5,2185,35,San Isidro,Oficina
MSI,Katana 15,5694,4,Surco,Premium
HP,Pavilion 15,3641,54,Los Olivos,Profesional
HP,15-fd,2309,30,Piura,Oficina
HP,Pavilion 15,3248,30,San Isidro,Profesional
HP,15-fd,2156,54,Arequipa,Oficina
Acer,Aspire 5,2973,5,San Miguel,Profesional
Acer,Nitro V 15,4368,25,Surco,Gaming
HP,15-fd,2465,5,Trujillo,Oficina
Acer,Nitro V 15,3658,55,Piura,Profesional
Apple,MacBook Air M2,5233,43,Surco,Gaming
MSI,Katana 15,5015,32,Piura,Gaming
MSI,Modern 15,3350,3,Centro de Lima,Profesional
Acer,Aspire 5,2896,56,Arequipa,Profesional
Lenovo,IdeaPad Slim 3,2654,41,Centro de Lima,Profesional
Apple,MacBook Air M3,6427,54,San Miguel,Premium
HP,15-fd,2102,19,Miraflores,Oficina
MSI,Katana 15,5680,54,Miraflores,Premium
Apple,MacBook Air M3,5694,38,Trujillo,Premium
ASUS,Zenbook 14,4827,54,Los Olivos,Gaming
HP,15-fd,1816,48,San Miguel,Oficina
ASUS,Vivobook 15,2368,19,Miraflores,Oficina
MSI,Modern 15,3337,7,Surco,Profesional
Apple,MacBook Air M3,5675,52,Piura,Premium
ASUS,Vivobook 15,2658,3,Arequipa,Profesional
Dell,Inspiron 15,3022,38,Miraflores,Profesional
Acer,Nitro V 15,3604,16,San Miguel,Profesional
Lenovo,ThinkPad E14,3804,4,Chiclayo,Profesional
Apple,MacBook Air M2,5218,18,Piura,Gaming
Acer,Aspire 5,2792,19,San Miguel,Profesional
Apple,MacBook Air M3,6118,31,San Miguel,Premium
HP,15-fd,2697,60,Miraflores,Profesional
HP,15-fd,2378,40,Los Olivos,Oficina
ASUS,Vivobook 15,2308,13,Los Olivos,Oficina
Acer,Aspire 5,2115,44,San Isidro,Oficina
Lenovo,ThinkPad E14,3622,35,Miraflores,Profesional
ASUS,Zenbook 14,4486,16,Surco,Gaming
MSI,Katana 15,5393,57,Piura,Gaming
HP,15-fd,1864,60,Surco,Oficina
HP,15-fd,1894,57,San Isidro,Oficina
HP,Pavilion 15,3482,34,Chiclayo,Profesional
Dell,Vostro 3520,2517,35,Los Olivos,Profesional
ASUS,Vivobook 15,2951,20,Miraflores,Profesional
HP,15-fd,2361,58,Trujillo,Oficina
HP,Pavilion 15,3618,18,Miraflores,Profesional
Apple,MacBook Air M2,4823,13,San Miguel,Gaming
HP,Pavilion 15,3227,23,Centro de Lima,Profesional
Apple,MacBook Air M2,4733,46,San Isidro,Gaming
Apple,MacBook Air M3,6126,42,San Miguel,Premium
MSI,Modern 15,3277,30,Piura,Profesional
Dell,Vostro 3520,3136,47,Surco,Profesional
Dell,Inspiron 15,3138,43,Miraflores,Profesional
Apple,MacBook Air M3,6046,51,Surco,Premium
MSI,Modern 15,3329,5,Piura,Profesional
Dell,Vostro 3520,3030,23,San Isidro,Profesional
Acer,Nitro V 15,4253,2,Los Olivos,Gaming
Lenovo,IdeaPad Slim 3,2634,11,Centro de Lima,Profesional
Lenovo,ThinkPad E14,3534,57,Arequipa,Profesional
Acer,Aspire 5,2233,44,Arequipa,Oficina
Lenovo,IdeaPad Slim 3,2938,30,Trujillo,Profesional
Acer,Nitro V 15,3683,57,Surco,Profesional
ASUS,Vivobook 15,3020,11,Piura,Profesional
Dell,Inspiron 15,2707,38,Trujillo,Profesional
Lenovo,ThinkPad E14,3921,28,Centro de Lima,Profesional
MSI,Katana 15,4917,32,Piura,Gaming
Lenovo,IdeaPad Slim 3,2437,27,Arequipa,Oficina
Apple,MacBook Air M2,5299,23,Surco,Gaming
Dell,Vostro 3520,3292,3,San Miguel,Profesional
Apple,MacBook Air M3,6041,16,Los Olivos,Premium
HP,Pavilion 15,3538,25,Piura,Profesional
Lenovo,IdeaPad Slim 3,3097,3,San Miguel,Profesional
MSI,Katana 15,5579,28,Surco,Premium
Dell,Vostro 3520,2563,14,Chiclayo,Profesional
Dell,Inspiron 15,2717,23,Trujillo,Profesional
ASUS,Vivobook 15,2404,49,Piura,Oficina
Lenovo,IdeaPad Slim 3,3195,42,Chiclayo,Profesional
MSI,Modern 15,3369,29,Piura,Profesional
MSI,Katana 15,5481,28,Miraflores,Gaming
Dell,Vostro 3520,2941,30,San Miguel,Profesional
Apple,MacBook Air M2,4664,54,Trujillo,Gaming
ASUS,Vivobook 15,2864,45,San Miguel,Profesional
Acer,Aspire 5,2419,48,Surco,Oficina
MSI,Modern 15,3072,49,Miraflores,Profesional
HP,Pavilion 15,3389,39,Los Olivos,Profesional
ASUS,Zenbook 14,4930,41,San Isidro,Gaming
Dell,Vostro 3520,2669,51,San Miguel,Profesional
Dell,Inspiron 15,2874,11,San Isidro,Profesional
HP,15-fd,1825,8,Los Olivos,Oficina
HP,Pavilion 15,3368,26,Surco,Profesional
Apple,MacBook Air M3,6188,42,Miraflores,Premium
ASUS,Zenbook 14,4892,33,Piura,Gaming
ASUS,Zenbook 14,4643,50,San Isidro,Gaming
Acer,Nitro V 15,4421,56,Piura,Gaming
Lenovo,IdeaPad Slim 3,2326,6,Los Olivos,Oficina
Acer,Aspire 5,2104,2,Miraflores,Oficina
HP,15-fd,2206,28,Chiclayo,Oficina
Acer,Nitro V 15,4229,17,Surco,Gaming
Dell,Vostro 3520,2548,23,Trujillo,Profesional
ASUS,Zenbook 14,4712,59,San Isidro,Gaming
Apple,MacBook Air M2,5255,27,Chiclayo,Gaming
Lenovo,IdeaPad Slim 3,3116,18,Trujillo,Profesional
Apple,MacBook Air M2,5111,48,Surco,Gaming
Lenovo,ThinkPad E14,3580,8,San Isidro,Profesional
Acer,Nitro V 15,4035,57,San Isidro,Gaming
Dell,Vostro 3520,2921,56,Piura,Profesional
Dell,Inspiron 15,3282,50,Trujillo,Profesional
Apple,MacBook Air M3,6014,19,San Isidro,Premium
MSI,Katana 15,5712,35,Surco,Premium
Dell,Vostro 3520,2673,51,San Isidro,Profesional
ASUS,Vivobook 15,2847,50,Arequipa,Profesional
Acer,Nitro V 15,4207,22,Chiclayo,Gaming
Dell,Inspiron 15,2923,23,Chiclayo,Profesional
Acer,Aspire 5,2873,56,Arequipa,Profesional
Apple,MacBook Air M3,6427,56,Surco,Premium
Acer,Nitro V 15,4123,10,San Isidro,Gaming
Lenovo,IdeaPad Slim 3,2802,34,Trujillo,Profesional
Lenovo,ThinkPad E14,3653,57,Piura,Profesional
MSI,Modern 15,3283,38,Chiclayo,Profesional
Apple,MacBook Air M2,4720,17,Chiclayo,Gaming
Lenovo,ThinkPad E14,3509,13,Arequipa,Profesional
Dell,Inspiron 15,3458,20,Miraflores,Profesional
ASUS,Zenbook 14,4725,17,Miraflores,Gaming
Lenovo,ThinkPad E14,3341,38,San Miguel,Profesional
Apple,MacBook Air M2,5379,5,San Miguel,Gaming
Dell,Inspiron 15,3186,30,Centro de Lima,Profesional
ASUS,Zenbook 14,4763,19,Chiclayo,Gaming
HP,Pavilion 15,3596,16,Trujillo,Profesional
Acer,Nitro V 15,4484,29,Chiclayo,Gaming
Dell,Vostro 3520,2631,52,San Miguel,Profesional
Acer,Aspire 5,2597,21,San Isidro,Profesional
ASUS,Zenbook 14,4460,37,Miraflores,Gaming
MSI,Modern 15,3231,43,Los Olivos,Profesional
Apple,MacBook Air M2,5153,38,San Miguel,Gaming
Acer,Aspire 5,2616,8,Surco,Profesional
Lenovo,ThinkPad E14,3968,51,Miraflores,Profesional
ASUS,Vivobook 15,2618,42,Los Olivos,Profesional
Apple,MacBook Air M3,5993,13,Trujillo,Premium
Apple,MacBook Air M3,6055,50,Arequipa,Premium
ASUS,Zenbook 14,4342,19,Chiclayo,Gaming
Lenovo,IdeaPad Slim 3,2549,32,Trujillo,Profesional
Acer,Nitro V 15,3881,11,Piura,Profesional
HP,Pavilion 15,3297,37,San Isidro,Profesional
HP,Pavilion 15,3357,6,San Miguel,Profesional
Dell,Inspiron 15,3339,25,Surco,Profesional
Dell,Inspiron 15,2904,9,Trujillo,Profesional
ASUS,Vivobook 15,2598,27,San Isidro,Profesional
MSI,Modern 15,3454,35,Piura,Profesional
HP,Pavilion 15,3523,55,Chiclayo,Profesional
ASUS,Vivobook 15,3074,48,Chiclayo,Profesional
ASUS,Zenbook 14,4896,34,Trujillo,Gaming
MSI,Katana 15,5164,36,Trujillo,Gaming
Acer,Nitro V 15,3953,2,Trujillo,Profesional
HP,15-fd,2023,14,Arequipa,Oficina
ASUS,Vivobook 15,3036,10,Arequipa,Profesional
MSI,Modern 15,3484,42,Centro de Lima,Profesional
Acer,Nitro V 15,3818,14,Centro de Lima,Profesional
Lenovo,IdeaPad Slim 3,3037,50,San Miguel,Profesional
ASUS,Zenbook 14,4540,35,San Miguel,Gaming
Acer,Aspire 5,2131,42,Chiclayo,Oficina
Lenovo,ThinkPad E14,3307,1,San Isidro,Profesional
HP,Pavilion 15,3239,25,San Isidro,Profesional
Acer,Aspire 5,2868,31,Arequipa,Profesional
ASUS,Zenbook 14,4910,3,Chiclayo,Gaming
Lenovo,IdeaPad Slim 3,3184,9,Miraflores,Profesional
Lenovo,ThinkPad E14,3512,13,Surco,Profesional
MSI,Katana 15,5531,39,Surco,Premium
HP,Pavilion 15,3285,26,Arequipa,Profesional
MSI,Modern 15,3403,4,Piura,Profesional
MSI,Katana 15,5507,50,San Miguel,Premium
HP,15-fd,2060,13,San Isidro,Oficina
Acer,Nitro V 15,3935,55,Chiclayo,Profesional
Apple,MacBook Air M3,6227,34,Chiclayo,Premium
Dell,Inspiron 15,3190,34,Surco,Profesional
ASUS,Zenbook 14,4741,15,Piura,Gaming
Dell,Vostro 3520,2665,4,Piura,Profesional
Lenovo,IdeaPad Slim 3,2443,16,Arequipa,Oficina
Lenovo,ThinkPad E14,3925,49,Chiclayo,Profesional
HP,Pavilion 15,3554,23,Piura,Profesional
HP,15-fd,2682,26,Miraflores,Profesional
Apple,MacBook Air M3,6439,49,Piura,Premium
Lenovo,ThinkPad E14,3582,50,Piura,Profesional
MSI,Katana 15,5033,8,Surco,Gaming
Apple,MacBook Air M2,5328,2,Centro de Lima,Gaming
Dell,Vostro 3520,2791,29,Arequipa,Profesional
Acer,Nitro V 15,4121,22,Centro de Lima,Gaming
Lenovo,ThinkPad E14,3197,43,Miraflores,Profesional
Apple,MacBook Air M3,6023,60,Piura,Premium
Dell,Inspiron 15,2631,23,Surco,Profesional
Dell,Inspiron 15,3096,21,Centro de Lima,Profesional
MSI,Katana 15,4910,14,Miraflores,Gaming
ASUS,Zenbook 14,4861,49,San Miguel,Gaming
ASUS,Zenbook 14,5005,57,San Miguel,Gaming
ASUS,Zenbook 14,4387,50,San Isidro,Gaming
Dell,Inspiron 15,3028,49,Trujillo,Profesional
Acer,Aspire 5,2619,2,Centro de Lima,Profesional
MSI,Katana 15,5658,13,Chiclayo,Premium
MSI,Katana 15,5570,22,Chiclayo,Premium
HP,15-fd,2506,15,Trujillo,Profesional
Acer,Aspire 5,2643,17,San Isidro,Profesional
MSI,Modern 15,3504,29,Arequipa,Profesional
HP,15-fd,2407,45,Trujillo,Oficina
Lenovo,ThinkPad E14,3721,22,Piura,Profesional
Lenovo,ThinkPad E14,3233,30,Los Olivos,Profesional
Acer,Nitro V 15,4481,33,Piura,Gaming
MSI,Katana 15,5000,26,Centro de Lima,Gaming
Acer,Aspire 5,2408,20,Arequipa,Oficina
Lenovo,ThinkPad E14,3999,58,Miraflores,Profesional
Apple,MacBook Air M2,4785,60,Chiclayo,Gaming
Apple,MacBook Air M3,6078,13,Arequipa,Premium
Acer,Nitro V 15,3690,40,Los Olivos,Profesional
Apple,MacBook Air M3,6350,60,Arequipa,Premium
HP,Pavilion 15,3640,4,Los Olivos,Profesional
Acer,Nitro V 15,4193,33,Chiclayo,Gaming
Apple,MacBook Air M3,6193,42,Trujillo,Premium
Lenovo,ThinkPad E14,3874,19,Chiclayo,Profesional
Acer,Nitro V 15,4244,1,Chiclayo,Gaming
Acer,Aspire 5,2453,38,Los Olivos,Oficina
Apple,MacBook Air M3,6425,54,Piura,Premium
Lenovo,ThinkPad E14,3953,52,Chiclayo,Profesional
Acer,Aspire 5,2383,8,Chiclayo,Oficina
Apple,MacBook Air M3,5727,37,San Isidro,Premium
HP,Pavilion 15,3332,33,San Isidro,Profesional
Dell,Inspiron 15,3117,34,Centro de Lima,Profesional
Dell,Vostro 3520,2509,39,Chiclayo,Profesional
HP,Pavilion 15,2903,52,Piura,Profesional
Lenovo,IdeaPad Slim 3,2801,40,Surco,Profesional
Lenovo,IdeaPad Slim 3,2673,2,Chiclayo,Profesional
Apple,MacBook Air M3,5967,3,Los Olivos,Premium
HP,15-fd,2633,16,San Miguel,Profesional
MSI,Katana 15,4914,19,Arequipa,Gaming
Lenovo,IdeaPad Slim 3,2694,57,San Miguel,Profesional
MSI,Katana 15,5142,30,Piura,Gaming
Dell,Vostro 3520,3178,40,San Miguel,Profesional
MSI,Modern 15,2954,4,San Isidro,Profesional
HP,Pavilion 15,3454,1,Chiclayo,Profesional
MSI,Modern 15,2809,43,Chiclayo,Profesional
Dell,Vostro 3520,2407,5,Miraflores,Oficina
Lenovo,ThinkPad E14,3880,40,Arequipa,Profesional
HP,Pavilion 15,3720,40,San Miguel,Profesional
HP,Pavilion 15,3648,24,San Isidro,Profesional
Acer,Aspire 5,2235,23,Los Olivos,Oficina
Apple,MacBook Air M2,5220,2,Piura,Gaming
ASUS,Zenbook 14,4504,13,Piura,Gaming
Lenovo,IdeaPad Slim 3,2901,57,San Isidro,Profesional
HP,Pavilion 15,3448,10,Surco,Profesional
HP,Pavilion 15,3447,11,Chiclayo,Profesional
Lenovo,ThinkPad E14,3733,47,Arequipa,Profesional
Dell,Vostro 3520,3225,39,Miraflores,Profesional
Dell,Inspiron 15,3301,30,Piura,Profesional
Apple,MacBook Air M2,4661,26,San Miguel,Gaming
ASUS,Vivobook 15,2583,53,San Miguel,Profesional
Lenovo,ThinkPad E14,3899,58,Surco,Profesional
Lenovo,ThinkPad E14,3749,34,Chiclayo,Profesional
Lenovo,ThinkPad E14,3502,30,Los Olivos,Profesional
HP,15-fd,2589,20,Los Olivos,Profesional
Dell,Vostro 3520,2562,22,Piura,Profesional
Dell,Inspiron 15,3314,20,Miraflores,Profesional
Lenovo,IdeaPad Slim 3,2588,24,San Miguel,Profesional
Acer,Aspire 5,2186,25,Miraflores,Oficina
HP,15-fd,2451,39,Arequipa,Oficina
HP,Pavilion 15,3170,1,San Miguel,Profesional
MSI,Katana 15,5386,9,Miraflores,Gaming
Acer,Nitro V 15,3852,39,Los Olivos,Profesional
MSI,Katana 15,5667,12,Centro de Lima,Premium
Apple,MacBook Air M2,5495,54,Chiclayo,Gaming
Acer,Aspire 5,2496,31,Surco,Oficina
MSI,Katana 15,5502,13,San Miguel,Premium
ASUS,Vivobook 15,2889,38,Piura,Profesional
HP,15-fd,2637,60,San Isidro,Profesional
MSI,Modern 15,3398,25,San Miguel,Profesional
Lenovo,ThinkPad E14,3460,3,San Isidro,Profesional
Dell,Vostro 3520,2479,58,Arequipa,Oficina
Apple,MacBook Air M2,4994,51,Piura,Gaming
Dell,Vostro 3520,2662,60,Arequipa,Profesional
Dell,Vostro 3520,3202,22,Los Olivos,Profesional
Dell,Vostro 3520,2702,44,Los Olivos,Profesional
ASUS,Vivobook 15,2570,19,Piura,Profesional
Lenovo,ThinkPad E14,3380,57,Chiclayo,Profesional
Dell,Vostro 3520,2454,46,Miraflores,Oficina
Apple,MacBook Air M3,5943,30,Piura,Premium
Apple,MacBook Air M3,5849,55,Arequipa,Premium
Dell,Inspiron 15,2642,49,Centro de Lima,Profesional
Acer,Nitro V 15,4180,19,Trujillo,Gaming
ASUS,Vivobook 15,3017,26,Surco,Profesional
ASUS,Zenbook 14,5045,2,Los Olivos,Gaming
ASUS,Vivobook 15,2337,2,Chiclayo,Oficina
Lenovo,IdeaPad Slim 3,3018,11,San Miguel,Profesional
Acer,Aspire 5,2243,4,Los Olivos,Oficina
ASUS,Vivobook 15,2507,21,San Miguel,Profesional
ASUS,Zenbook 14,5010,36,Chiclayo,Gaming
Acer,Aspire 5,2843,28,San Isidro,Profesional
ASUS,Zenbook 14,4935,25,Arequipa,Gaming
Apple,MacBook Air M3,5930,22,Piura,Premium
HP,15-fd,2021,44,Los Olivos,Oficina
ASUS,Vivobook 15,2939,39,San Miguel,Profesional
Lenovo,IdeaPad Slim 3,2746,57,Trujillo,Profesional
ASUS,Zenbook 14,4769,8,Chiclayo,Gaming
Acer,Aspire 5,2117,48,San Isidro,Oficina
Dell,Inspiron 15,2877,15,Arequipa,Profesional
MSI,Katana 15,4941,29,Piura,Gaming
Acer,Aspire 5,2759,35,Miraflores,Profesional
ASUS,Zenbook 14,4453,41,Los Olivos,Gaming
ASUS,Zenbook 14,4567,40,Trujillo,Gaming
Dell,Vostro 3520,3126,60,Trujillo,Profesional
Lenovo,ThinkPad E14,3852,50,Trujillo,Profesional
Dell,Inspiron 15,2639,14,Surco,Profesional
HP,15-fd,2139,59,Trujillo,Oficina
MSI,Katana 15,5020,52,Los Olivos,Gaming
Dell,Vostro 3520,2569,5,Arequipa,Profesional
Lenovo,ThinkPad E14,3925,51,Piura,Profesional
MSI,Modern 15,3686,34,San Isidro,Profesional
Dell,Vostro 3520,2605,37,San Miguel,Profesional
HP,15-fd,2027,30,Chiclayo,Oficina
Lenovo,IdeaPad Slim 3,2823,7,Surco,Profesional
Acer,Nitro V 15,3646,33,Centro de Lima,Profesional
ASUS,Zenbook 14,4771,24,San Isidro,Gaming
Lenovo,IdeaPad Slim 3,2383,49,Surco,Oficina
ASUS,Vivobook 15,2843,46,Arequipa,Profesional
Apple,MacBook Air M3,5968,2,Surco,Premium
MSI,Katana 15,5579,56,Trujillo,Premium
HP,15-fd,1813,31,Surco,Oficina
MSI,Katana 15,5713,15,Piura,Premium
MSI,Katana 15,5479,50,San Isidro,Gaming
Dell,Vostro 3520,3023,8,San Miguel,Profesional
Lenovo,IdeaPad Slim 3,2772,49,Miraflores,Profesional
ASUS,Vivobook 15,2805,11,Miraflores,Profesional
HP,15-fd,2147,41,Chiclayo,Oficina
ASUS,Vivobook 15,2414,27,Arequipa,Oficina
Dell,Inspiron 15,3356,17,Centro de Lima,Profesional
Acer,Aspire 5,2683,36,Arequipa,Profesional
Lenovo,IdeaPad Slim 3,2556,36,Los Olivos,Profesional
MSI,Modern 15,3430,56,Piura,Profesional
MSI,Modern 15,2861,23,Centro de Lima,Profesional
Dell,Inspiron 15,2644,24,Los Olivos,Profesional
Dell,Inspiron 15,3160,5,San Miguel,Profesional
Lenovo,IdeaPad Slim 3,2479,28,Los Olivos,Oficina
Dell,Inspiron 15,2717,47,Centro de Lima,Profesional
Dell,Vostro 3520,3145,24,Trujillo,Profesional
ASUS,Zenbook 14,4537,8,Centro de Lima,Gaming
MSI,Katana 15,5386,48,San Miguel,Gaming
Acer,Aspire 5,2549,4,Chiclayo,Profesional
Lenovo,IdeaPad Slim 3,2393,23,Trujillo,Oficina
MSI,Katana 15,5042,34,Centro de Lima,Gaming
Acer,Aspire 5,2552,8,San Isidro,Profesional
Apple,MacBook Air M2,5044,12,Los Olivos,Gaming
Dell,Vostro 3520,2435,58,Miraflores,Oficina
Dell,Inspiron 15,3469,60,Trujillo,Profesional
ASUS,Zenbook 14,4681,45,Chiclayo,Gaming
ASUS,Vivobook 15,3006,10,Arequipa,Profesional
ASUS,Zenbook 14,4238,22,Surco,Gaming
MSI,Modern 15,3309,2,San Isidro,Profesional
MSI,Modern 15,3176,3,Trujillo,Profesional
MSI,Katana 15,5731,33,San Isidro,Premium
Lenovo,IdeaPad Slim 3,2805,47,Surco,Profesional
Acer,Aspire 5,2720,39,Trujillo,Profesional
Acer,Nitro V 15,3650,3,Chiclayo,Profesional
Apple,MacBook Air M3,6012,49,Chiclayo,Premium
Dell,Vostro 3520,2527,59,Los Olivos,Profesional
Apple,MacBook Air M3,6073,22,Arequipa,Premium
Apple,MacBook Air M3,6269,41,Los Olivos,Premium
Dell,Inspiron 15,2804,32,Piura,Profesional
Lenovo,ThinkPad E14,3826,60,Trujillo,Profesional
Lenovo,ThinkPad E14,3160,28,Chiclayo,Profesional
Dell,Inspiron 15,3177,9,Chiclayo,Profesional
Lenovo,IdeaPad Slim 3,2844,28,Arequipa,Profesional
Apple,MacBook Air M2,4920,26,San Miguel,Gaming
ASUS,Vivobook 15,2768,19,Arequipa,Profesional
Acer,Aspire 5,2493,4,Arequipa,Oficina
Acer,Nitro V 15,3973,13,San Miguel,Profesional
Acer,Nitro V 15,4109,12,Chiclayo,Gaming
HP,15-fd,1956,46,Los Olivos,Oficina
Acer,Aspire 5,2900,5,Piura,Profesional
Apple,MacBook Air M2,4966,55,Surco,Gaming
ASUS,Zenbook 14,5039,41,Miraflores,Gaming
Lenovo,IdeaPad Slim 3,2316,57,San Miguel,Oficina
HP,Pavilion 15,3216,23,San Isidro,Profesional
Dell,Inspiron 15,3414,57,Piura,Profesional
Apple,MacBook Air M2,5096,59,Miraflores,Gaming
HP,Pavilion 15,3221,31,Miraflores,Profesional
Dell,Vostro 3520,2437,25,San Miguel,Oficina
HP,15-fd,1886,35,Piura,Oficina
Apple,MacBook Air M3,6217,57,Chiclayo,Premium
Lenovo,ThinkPad E14,3461,40,Los Olivos,Profesional
Acer,Nitro V 15,3761,24,Arequipa,Profesional
Lenovo,IdeaPad Slim 3,2313,7,Los Olivos,Oficina
Lenovo,IdeaPad Slim 3,2751,19,San Isidro,Profesional
Dell,Vostro 3520,3002,48,Miraflores,Profesional
Acer,Nitro V 15,3790,1,Miraflores,Profesional
MSI,Modern 15,3024,50,Piura,Profesional
ASUS,Vivobook 15,2455,28,Chiclayo,Oficina
HP,Pavilion 15,3236,37,Los Olivos,Profesional
Apple,MacBook Air M3,5749,16,Centro de Lima,Premium
Acer,Aspire 5,2247,6,Arequipa,Oficina
ASUS,Zenbook 14,4832,44,Surco,Gaming
Acer,Nitro V 15,3657,47,Surco,Profesional
ASUS,Vivobook 15,2519,28,Miraflores,Profesional
Apple,MacBook Air M2,5093,4,Los Olivos,Gaming
HP,15-fd,2256,29,Piura,Oficina
Apple,MacBook Air M2,5323,43,Centro de Lima,Gaming
MSI,Katana 15,5204,22,Arequipa,Gaming
Acer,Nitro V 15,3744,39,San Miguel,Profesional
Acer,Nitro V 15,4469,46,Trujillo,Gaming
Acer,Nitro V 15,3721,31,Trujillo,Profesional
ASUS,Zenbook 14,4611,53,Trujillo,Gaming
HP,Pavilion 15,3698,33,Surco,Profesional
Lenovo,IdeaPad Slim 3,3168,35,Piura,Profesional
MSI,Katana 15,5612,31,Los Olivos,Premium
Dell,Vostro 3520,3044,8,San Isidro,Profesional
Dell,Vostro 3520,3172,35,Trujillo,Profesional
HP,15-fd,1853,34,Los Olivos,Oficina
Apple,MacBook Air M3,5674,27,Arequipa,Premium
MSI,Modern 15,2853,52,Miraflores,Profesional
HP,15-fd,2287,24,Chiclayo,Oficina
Acer,Aspire 5,2969,24,Miraflores,Profesional
HP,Pavilion 15,3198,3,San Isidro,Profesional
Apple,MacBook Air M3,6211,1,Miraflores,Premium
HP,Pavilion 15,3199,60,San Isidro,Profesional
Dell,Inspiron 15,3136,48,Los Olivos,Profesional
Dell,Inspiron 15,3392,21,San Isidro,Profesional
Acer,Nitro V 15,4492,48,Los Olivos,Gaming
MSI,Katana 15,5326,60,Arequipa,Gaming
HP,Pavilion 15,3098,1,Centro de Lima,Profesional
Lenovo,IdeaPad Slim 3,3197,46,Centro de Lima,Profesional
ASUS,Vivobook 15,3033,33,Centro de Lima,Profesional
Lenovo,IdeaPad Slim 3,2319,17,Piura,Oficina
ASUS,Zenbook 14,4338,18,Miraflores,Gaming
Apple,MacBook Air M3,5715,39,Arequipa,Premium
Dell,Inspiron 15,3406,57,Arequipa,Profesional
ASUS,Vivobook 15,2942,36,Miraflores,Profesional
MSI,Katana 15,5485,29,Los Olivos,Gaming
Dell,Inspiron 15,2780,20,Arequipa,Profesional
HP,15-fd,2635,51,Arequipa,Profesional
Lenovo,ThinkPad E14,3443,55,San Miguel,Profesional
Apple,MacBook Air M3,5696,10,San Isidro,Premium
Apple,MacBook Air M2,4862,22,San Miguel,Gaming
HP,Pavilion 15,3262,46,Centro de Lima,Profesional
ASUS,Zenbook 14,4289,51,Los Olivos,Gaming
MSI,Katana 15,4936,31,San Isidro,Gaming
MSI,Modern 15,3039,46,Piura,Profesional
HP,Pavilion 15,3415,18,Miraflores,Profesional
Lenovo,ThinkPad E14,3970,19,Trujillo,Profesional
Lenovo,ThinkPad E14,3889,1,Los Olivos,Profesional
Apple,MacBook Air M3,6341,53,Trujillo,Premium
HP,15-fd,2379,52,Centro de Lima,Oficina
MSI,Modern 15,3142,39,San Isidro,Profesional
Acer,Nitro V 15,4492,16,Arequipa,Gaming
Acer,Aspire 5,2321,37,Arequipa,Oficina
Dell,Vostro 3520,2831,51,Chiclayo,Profesional
Apple,MacBook Air M3,6344,23,Arequipa,Premium
Lenovo,IdeaPad Slim 3,3144,41,Chiclayo,Profesional
Apple,MacBook Air M3,6183,49,Chiclayo,Premium
HP,15-fd,2564,53,Surco,Profesional
HP,Pavilion 15,3395,33,San Isidro,Profesional
Apple,MacBook Air M2,5255,38,Piura,Gaming
HP,15-fd,2234,4,Arequipa,Oficina
HP,15-fd,2658,14,Piura,Profesional
Dell,Inspiron 15,3398,17,Arequipa,Profesional
Lenovo,ThinkPad E14,3343,18,Arequipa,Profesional
Lenovo,ThinkPad E14,3136,23,Arequipa,Profesional
MSI,Modern 15,3177,51,San Miguel,Profesional
MSI,Modern 15,3542,14,Miraflores,Profesional
ASUS,Zenbook 14,4493,46,Piura,Gaming
Lenovo,ThinkPad E14,3870,23,Chiclayo,Profesional
ASUS,Vivobook 15,2605,8,Miraflores,Profesional
Dell,Inspiron 15,3033,36,Surco,Profesional
Dell,Inspiron 15,2729,57,San Miguel,Profesional
Apple,MacBook Air M2,4820,59,Chiclayo,Gaming
HP,15-fd,1868,51,San Miguel,Oficina
HP,15-fd,2448,18,Surco,Oficina
Acer,Aspire 5,2986,44,Surco,Profesional
Dell,Vostro 3520,2792,39,Miraflores,Profesional
Acer,Nitro V 15,3947,41,Miraflores,Profesional
ASUS,Vivobook 15,2703,23,Arequipa,Profesional
HP,15-fd,2302,37,Arequipa,Oficina
Lenovo,ThinkPad E14,3885,54,Miraflores,Profesional
Lenovo,IdeaPad Slim 3,2795,19,Piura,Profesional
HP,Pavilion 15,3097,25,Surco,Profesional
Dell,Inspiron 15,2968,50,Centro de Lima,Profesional
MSI,Katana 15,5274,49,Trujillo,Gaming
ASUS,Vivobook 15,2796,21,Piura,Profesional
ASUS,Zenbook 14,4468,28,San Isidro,Gaming
Lenovo,ThinkPad E14,3376,46,San Isidro,Profesional
Apple,MacBook Air M3,6451,16,Piura,Premium
Apple,MacBook Air M2,5460,40,Miraflores,Gaming
ASUS,Vivobook 15,2863,18,Arequipa,Profesional
MSI,Katana 15,5411,6,Chiclayo,Gaming
Dell,Inspiron 15,3156,41,Miraflores,Profesional
Dell,Inspiron 15,3147,33,Piura,Profesional
ASUS,Zenbook 14,4881,49,Trujillo,Gaming
MSI,Modern 15,2960,60,Trujillo,Profesional
Dell,Vostro 3520,2905,59,Los Olivos,Profesional
MSI,Modern 15,3472,5,Los Olivos,Profesional
HP,Pavilion 15,3637,32,San Isidro,Profesional
ASUS,Vivobook 15,2646,36,San Miguel,Profesional
Lenovo,IdeaPad Slim 3,3083,12,Surco,Profesional
Dell,Vostro 3520,2402,38,San Miguel,Oficina
Apple,MacBook Air M2,4970,32,Miraflores,Gaming
HP,15-fd,2012,57,Miraflores,Oficina
Acer,Aspire 5,2344,1,San Miguel,Oficina
HP,15-fd,2242,7,Los Olivos,Oficina
HP,15-fd,2364,15,Piura,Oficina
MSI,Modern 15,2977,47,Arequipa,Profesional
MSI,Katana 15,5543,10,Los Olivos,Premium
HP,15-fd,1962,17,Los Olivos,Oficina
MSI,Katana 15,5795,39,San Miguel,Premium
Dell,Inspiron 15,2667,7,San Isidro,Profesional
ASUS,Vivobook 15,2918,10,San Isidro,Profesional
ASUS,Zenbook 14,4805,50,Surco,Gaming
Acer,Nitro V 15,4035,35,San Miguel,Gaming
ASUS,Zenbook 14,4789,5,Miraflores,Gaming
Apple,MacBook Air M2,4654,9,Los Olivos,Gaming
Lenovo,IdeaPad Slim 3,3104,3,Los Olivos,Profesional
ASUS,Zenbook 14,4244,41,San Isidro,Gaming
MSI,Modern 15,3202,20,Trujillo,Profesional
MSI,Katana 15,5736,48,Los Olivos,Premium
Lenovo,ThinkPad E14,3440,43,Arequipa,Profesional
HP,15-fd,1992,37,San Miguel,Oficina
Acer,Aspire 5,2924,53,Trujillo,Profesional
ASUS,Vivobook 15,2267,12,San Miguel,Oficina
ASUS,Zenbook 14,4278,26,Centro de Lima,Gaming
Dell,Vostro 3520,2871,21,Miraflores,Profesional
Lenovo,ThinkPad E14,3344,3,Piura,Profesional
HP,Pavilion 15,3278,29,Chiclayo,Profesional
HP,15-fd,2306,14,Los Olivos,Oficina
Acer,Aspire 5,2624,18,Surco,Profesional
Dell,Vostro 3520,2592,41,Arequipa,Profesional
Lenovo,ThinkPad E14,3475,33,Los Olivos,Profesional
ASUS,Vivobook 15,2582,8,Trujillo,Profesional
MSI,Katana 15,5511,41,Chiclayo,Premium
HP,15-fd,2696,23,Centro de Lima,Profesional
Acer,Aspire 5,2148,59,San Miguel,Oficina
ASUS,Zenbook 14,4814,60,San Miguel,Gaming
Apple,MacBook Air M3,5996,51,Piura,Premium
HP,15-fd,2506,24,Miraflores,Profesional
Acer,Nitro V 15,3970,45,Centro de Lima,Profesional
Apple,MacBook Air M2,5148,2,Arequipa,Gaming
Dell,Inspiron 15,2750,34,Los Olivos,Profesional
ASUS,Zenbook 14,4905,40,Miraflores,Gaming
Dell,Inspiron 15,2920,16,Centro de Lima,Profesional
Apple,MacBook Air M2,4741,15,Arequipa,Gaming
Acer,Aspire 5,2983,39,Centro de Lima,Profesional
MSI,Modern 15,2807,3,Surco,Profesional
Acer,Nitro V 15,3685,16,Surco,Profesional
HP,15-fd,2190,16,Los Olivos,Oficina
HP,15-fd,2519,34,San Miguel,Profesional
ASUS,Vivobook 15,2453,12,Centro de Lima,Oficina
Dell,Vostro 3520,2814,34,Miraflores,Profesional
HP,15-fd,2047,19,San Miguel,Oficina
Acer,Aspire 5,2477,14,Chiclayo,Oficina
Lenovo,IdeaPad Slim 3,2577,57,Chiclayo,Profesional
Dell,Vostro 3520,2966,48,Trujillo,Profesional
Acer,Nitro V 15,3689,17,San Isidro,Profesional
HP,15-fd,1986,52,Chiclayo,Oficina
Dell,Inspiron 15,2999,29,Piura,Profesional
Apple,MacBook Air M2,5229,24,Centro de Lima,Gaming
HP,15-fd,2158,40,Miraflores,Oficina
Dell,Vostro 3520,2883,6,Piura,Profesional
HP,Pavilion 15,3512,41,Los Olivos,Profesional
Apple,MacBook Air M3,5850,22,San Miguel,Premium
Acer,Aspire 5,2707,14,Piura,Profesional
Apple,MacBook Air M2,4868,36,Los Olivos,Gaming
ASUS,Zenbook 14,4311,9,Surco,Gaming
Lenovo,ThinkPad E14,3949,23,Surco,Profesional
MSI,Modern 15,3252,43,Trujillo,Profesional
HP,Pavilion 15,3274,27,Miraflores,Profesional
ASUS,Vivobook 15,3059,30,Los Olivos,Profesional
Apple,MacBook Air M3,5990,34,San Isidro,Premium
Apple,MacBook Air M2,4761,52,Piura,Gaming
HP,Pavilion 15,2994,41,Trujillo,Profesional
Dell,Vostro 3520,2681,27,Centro de Lima,Profesional
HP,15-fd,1900,31,San Miguel,Oficina
Apple,MacBook Air M2,4853,10,Piura,Gaming
HP,15-fd,2443,27,Centro de Lima,Oficina
Lenovo,ThinkPad E14,3210,55,San Miguel,Profesional
Lenovo,ThinkPad E14,3577,36,Chiclayo,Profesional
HP,15-fd,2573,55,Surco,Profesional
Lenovo,IdeaPad Slim 3,2431,50,Surco,Oficina
MSI,Katana 15,5710,29,Los Olivos,Premium
Acer,Nitro V 15,3629,45,Arequipa,Profesional
Lenovo,ThinkPad E14,3970,11,Piura,Profesional
Dell,Inspiron 15,3474,53,Miraflores,Profesional
Apple,MacBook Air M3,6041,36,Surco,Premium
Apple,MacBook Air M3,6233,53,San Isidro,Premium
Acer,Nitro V 15,3645,38,San Miguel,Profesional
Acer,Aspire 5,2225,44,Trujillo,Oficina
Lenovo,ThinkPad E14,3587,31,Trujillo,Profesional
MSI,Katana 15,5127,37,San Isidro,Gaming
Dell,Inspiron 15,3301,42,Miraflores,Profesional
Apple,MacBook Air M3,6306,36,Chiclayo,Premium
Lenovo,IdeaPad Slim 3,3050,49,Chiclayo,Profesional
HP,Pavilion 15,3322,14,Los Olivos,Profesional
Apple,MacBook Air M3,5769,32,Trujillo,Premium
HP,15-fd,2084,57,Chiclayo,Oficina
Lenovo,ThinkPad E14,3421,1,Chiclayo,Profesional
MSI,Modern 15,3223,34,Centro de Lima,Profesional
Lenovo,IdeaPad Slim 3,2954,35,Surco,Profesional
Apple,MacBook Air M3,5857,42,Piura,Premium
HP,Pavilion 15,3610,50,Piura,Profesional
MSI,Modern 15,2896,15,Surco,Profesional
ASUS,Vivobook 15,2900,44,Los Olivos,Profesional
Acer,Aspire 5,2829,2,Chiclayo,Profesional
Lenovo,ThinkPad E14,3864,50,Trujillo,Profesional
ASUS,Vivobook 15,2811,17,Miraflores,Profesional
Lenovo,ThinkPad E14,3244,22,Surco,Profesional
HP,Pavilion 15,3141,53,Trujillo,Profesional
Apple,MacBook Air M2,5288,9,Piura,Gaming
Acer,Aspire 5,2148,43,San Isidro,Oficina
Acer,Aspire 5,2916,15,Chiclayo,Profesional
MSI,Katana 15,5002,22,Los Olivos,Gaming
Lenovo,ThinkPad E14,3599,2,San Isidro,Profesional
Apple,MacBook Air M2,5206,32,Trujillo,Gaming
Dell,Inspiron 15,3331,47,San Isidro,Profesional
Dell,Vostro 3520,3045,26,Miraflores,Profesional
Lenovo,IdeaPad Slim 3,2865,17,San Miguel,Profesional
Acer,Aspire 5,2211,52,Miraflores,Oficina
MSI,Katana 15,5261,52,Los Olivos,Gaming
HP,Pavilion 15,3438,8,Miraflores,Profesional
Apple,MacBook Air M3,6062,60,San Miguel,Premium
Dell,Inspiron 15,3340,47,Piura,Profesional
MSI,Katana 15,5425,20,Los Olivos,Gaming
Dell,Inspiron 15,3051,30,San Isidro,Profesional
MSI,Katana 15,5315,58,Surco,Gaming
Lenovo,IdeaPad Slim 3,2626,55,Arequipa,Profesional
Apple,MacBook Air M2,4768,9,Arequipa,Gaming
Dell,Inspiron 15,3360,31,Miraflores,Profesional
Lenovo,IdeaPad Slim 3,3198,1,San Miguel,Profesional
ASUS,Zenbook 14,4214,22,Trujillo,Gaming
Dell,Inspiron 15,3406,36,Chiclayo,Profesional
Acer,Aspire 5,2407,26,Centro de Lima,Oficina
Lenovo,ThinkPad E14,3259,6,Arequipa,Profesional
Lenovo,ThinkPad E14,3626,41,Arequipa,Profesional
MSI,Modern 15,3695,26,San Miguel,Profesional
Dell,Inspiron 15,3128,38,San Miguel,Profesional
Apple,MacBook Air M3,5690,55,Chiclayo,Premium
Dell,Vostro 3520,2802,18,San Isidro,Profesional
Lenovo,ThinkPad E14,3327,8,San Isidro,Profesional
Apple,MacBook Air M3,6373,32,Los Olivos,Premium
MSI,Modern 15,2864,43,San Isidro,Profesional
ASUS,Vivobook 15,2942,14,Los Olivos,Profesional
MSI,Katana 15,5066,26,Trujillo,Gaming
HP,15-fd,2394,5,Piura,Oficina
ASUS,Zenbook 14,4887,1,Piura,Gaming
HP,Pavilion 15,3442,6,Chiclayo,Profesional
Lenovo,IdeaPad Slim 3,2689,29,Trujillo,Profesional
ASUS,Zenbook 14,4428,42,Trujillo,Gaming
MSI,Modern 15,3690,47,Chiclayo,Profesional
Apple,MacBook Air M2,5169,14,San Miguel,Gaming
HP,15-fd,2293,20,Los Olivos,Oficina
Apple,MacBook Air M2,4955,59,Centro de Lima,Gaming
HP,Pavilion 15,3615,16,Arequipa,Profesional
ASUS,Zenbook 14,4705,44,Trujillo,Gaming
Dell,Inspiron 15,2729,21,Chiclayo,Profesional
Apple,MacBook Air M3,5833,29,Centro de Lima,Premium
Lenovo,IdeaPad Slim 3,2343,16,Piura,Oficina
MSI,Modern 15,3074,11,Los Olivos,Profesional
Lenovo,IdeaPad Slim 3,2411,37,Miraflores,Oficina
Dell,Inspiron 15,3202,1,Chiclayo,Profesional
Apple,MacBook Air M3,6191,33,Piura,Premium
HP,Pavilion 15,3203,1,San Miguel,Profesional
MSI,Katana 15,4987,40,Centro de Lima,Gaming
ASUS,Zenbook 14,4663,44,Chiclayo,Gaming
Apple,MacBook Air M2,5475,12,Piura,Gaming
Dell,Vostro 3520,3217,26,San Isidro,Profesional
Apple,MacBook Air M3,6345,19,San Isidro,Premium
HP,Pavilion 15,3449,5,Centro de Lima,Profesional
Dell,Inspiron 15,3038,36,Piura,Profesional
MSI,Katana 15,5031,48,Chiclayo,Gaming
Dell,Inspiron 15,2605,54,Surco,Profesional
Acer,Aspire 5,2656,24,Trujillo,Profesional
Lenovo,IdeaPad Slim 3,2894,37,Chiclayo,Profesional
Lenovo,ThinkPad E14,3313,4,Centro de Lima,Profesional
ASUS,Vivobook 15,2792,2,Arequipa,Profesional
Lenovo,IdeaPad Slim 3,2946,37,Los Olivos,Profesional
MSI,Katana 15,5337,53,San Miguel,Gaming
ASUS,Zenbook 14,5035,28,Chiclayo,Gaming
Lenovo,ThinkPad E14,3385,57,Chiclayo,Profesional
Acer,Nitro V 15,3924,18,Surco,Profesional
Dell,Vostro 3520,2826,27,Trujillo,Profesional
Acer,Nitro V 15,3955,40,Los Olivos,Profesional
Acer,Aspire 5,2296,18,Trujillo,Oficina
MSI,Modern 15,2903,60,Trujillo,Profesional
Lenovo,ThinkPad E14,3463,43,Trujillo,Profesional
Dell,Inspiron 15,3376,20,Chiclayo,Profesional
HP,15-fd,2121,53,San Miguel,Oficina
ASUS,Zenbook 14,4557,45,Chiclayo,Gaming
MSI,Modern 15,3115,49,Surco,Profesional
Apple,MacBook Air M3,5853,30,Centro de Lima,Premium
Acer,Nitro V 15,4320,59,Los Olivos,Gaming
Apple,MacBook Air M2,5157,21,Surco,Gaming
HP,Pavilion 15,3682,18,Surco,Profesional
HP,15-fd,2111,10,San Miguel,Oficina
Acer,Nitro V 15,4185,11,Arequipa,Gaming
Acer,Aspire 5,2276,15,Surco,Oficina
MSI,Katana 15,4967,23,Los Olivos,Gaming
MSI,Modern 15,2992,22,Piura,Profesional
Apple,MacBook Air M3,6289,9,Piura,Premium
Dell,Vostro 3520,3052,46,Centro de Lima,Profesional
HP,15-fd,2222,17,San Miguel,Oficina
ASUS,Zenbook 14,4662,15,Arequipa,Gaming
Apple,MacBook Air M2,5384,30,Trujillo,Gaming
MSI,Modern 15,3155,40,Miraflores,Profesional
Apple,MacBook Air M3,6045,28,Arequipa,Premium
ASUS,Vivobook 15,2648,54,Arequipa,Profesional
MSI,Katana 15,5296,60,Trujillo,Gaming
Acer,Aspire 5,2333,19,Centro de Lima,Oficina
Apple,MacBook Air M2,5128,50,San Isidro,Gaming
MSI,Katana 15,5550,2,Piura,Premium
Apple,MacBook Air M3,5846,50,Trujillo,Premium
Dell,Inspiron 15,3224,38,San Miguel,Profesional
ASUS,Vivobook 15,2936,32,Trujillo,Profesional
Apple,MacBook Air M2,5037,7,Miraflores,Gaming
HP,Pavilion 15,3180,52,Chiclayo,Profesional
ASUS,Vivobook 15,2741,50,Miraflores,Profesional
Apple,MacBook Air M2,4689,9,Miraflores,Gaming
Acer,Nitro V 15,4212,28,Chiclayo,Gaming
HP,15-fd,1855,35,Trujillo,Oficina
HP,Pavilion 15,3260,40,Chiclayo,Profesional
Acer,Nitro V 15,4369,8,Trujillo,Gaming
Apple,MacBook Air M2,4952,30,Miraflores,Gaming
ASUS,Zenbook 14,5076,49,Surco,Gaming
MSI,Modern 15,3594,25,Centro de Lima,Profesional
HP,Pavilion 15,3260,30,Chiclayo,Profesional
Lenovo,ThinkPad E14,3938,30,San Miguel,Profesional
MSI,Katana 15,5441,30,Piura,Gaming
MSI,Modern 15,3238,5,Piura,Profesional
ASUS,Zenbook 14,4779,42,Chiclayo,Gaming
Apple,MacBook Air M2,5387,35,Trujillo,Gaming
Apple,MacBook Air M3,6129,32,Trujillo,Premium
HP,Pavilion 15,3619,21,San Miguel,Profesional
Dell,Vostro 3520,2739,40,Trujillo,Profesional
Lenovo,ThinkPad E14,3448,3,Trujillo,Profesional
Dell,Vostro 3520,3252,6,San Isidro,Profesional
Lenovo,IdeaPad Slim 3,2395,20,Los Olivos,Oficina
MSI,Modern 15,3339,53,Chiclayo,Profesional
MSI,Modern 15,2891,40,Los Olivos,Profesional
ASUS,Vivobook 15,2241,51,Arequipa,Oficina
Apple,MacBook Air M2,5440,44,Trujillo,Gaming
MSI,Katana 15,5337,15,Piura,Gaming
ASUS,Zenbook 14,4579,2,Los Olivos,Gaming
MSI,Katana 15,5623,44,Arequipa,Premium
HP,Pavilion 15,3093,14,Surco,Profesional
ASUS,Vivobook 15,2906,49,San Miguel,Profesional
Acer,Nitro V 15,4446,21,Miraflores,Gaming
Dell,Inspiron 15,3041,24,San Miguel,Profesional
HP,15-fd,2263,11,San Isidro,Oficina
Acer,Aspire 5,2297,27,San Miguel,Oficina
Acer,Aspire 5,2151,12,Piura,Oficina
HP,Pavilion 15,3128,24,Miraflores,Profesional
Apple,MacBook Air M3,6406,43,Chiclayo,Premium
HP,Pavilion 15,3479,12,San Miguel,Profesional
Lenovo,ThinkPad E14,3754,30,Arequipa,Profesional
ASUS,Zenbook 14,4426,13,Piura,Gaming
Apple,MacBook Air M2,4965,8,Arequipa,Gaming
MSI,Katana 15,5686,45,Miraflores,Premium
ASUS,Vivobook 15,2490,31,Surco,Oficina
HP,Pavilion 15,3274,33,Centro de Lima,Profesional
Apple,MacBook Air M2,5445,9,Trujillo,Gaming
MSI,Katana 15,4990,59,Miraflores,Gaming
ASUS,Vivobook 15,2821,13,Chiclayo,Profesional
HP,15-fd,1836,28,San Miguel,Oficina
Acer,Aspire 5,2712,8,Piura,Profesional
HP,15-fd,2316,23,San Isidro,Oficina
ASUS,Zenbook 14,4737,38,Piura,Gaming
ASUS,Vivobook 15,2578,54,Los Olivos,Profesional
HP,15-fd,1800,39,San Isidro,Oficina
HP,15-fd,1847,33,Centro de Lima,Oficina
Dell,Inspiron 15,3363,4,Miraflores,Profesional
HP,15-fd,2213,3,Piura,Oficina
MSI,Katana 15,5738,32,San Miguel,Premium
ASUS,Vivobook 15,2668,29,Trujillo,Profesional
Lenovo,ThinkPad E14,3902,37,Piura,Profesional
Acer,Nitro V 15,3734,38,Centro de Lima,Profesional
Apple,MacBook Air M3,6362,14,Centro de Lima,Premium
Lenovo,ThinkPad E14,3433,59,Surco,Profesional
Acer,Aspire 5,2172,11,San Isidro,Oficina
Apple,MacBook Air M2,5091,21,Miraflores,Gaming
ASUS,Vivobook 15,2643,9,Miraflores,Profesional
Lenovo,IdeaPad Slim 3,2687,23,Piura,Profesional
HP,15-fd,2412,40,Miraflores,Oficina
HP,15-fd,2641,1,Trujillo,Profesional
MSI,Modern 15,2839,3,Surco,Profesional
Lenovo,IdeaPad Slim 3,2963,34,Trujillo,Profesional
Acer,Nitro V 15,4212,50,Los Olivos,Gaming
Apple,MacBook Air M3,5874,60,Trujillo,Premium
Acer,Aspire 5,2629,13,Miraflores,Profesional
Apple,MacBook Air M2,5376,12,Los Olivos,Gaming
ASUS,Zenbook 14,4321,34,Trujillo,Gaming
HP,Pavilion 15,3794,12,San Isidro,Profesional
Acer,Aspire 5,2544,1,Arequipa,Profesional
ASUS,Zenbook 14,4545,24,Centro de Lima,Gaming
Dell,Inspiron 15,3140,22,Piura,Profesional
MSI,Modern 15,3127,39,Arequipa,Profesional
Dell,Inspiron 15,2783,58,Arequipa,Profesional
ASUS,Vivobook 15,2471,55,Chiclayo,Oficina
Acer,Aspire 5,2642,40,Piura,Profesional
MSI,Modern 15,3118,33,San Isidro,Profesional
Apple,MacBook Air M3,6178,60,Trujillo,Premium
Acer,Nitro V 15,3695,58,Arequipa,Profesional
HP,Pavilion 15,3232,23,Piura,Profesional
Apple,MacBook Air M3,6335,49,Los Olivos,Premium
Dell,Vostro 3520,2881,20,Arequipa,Profesional
MSI,Katana 15,5674,52,Surco,Premium
MSI,Katana 15,4966,8,Arequipa,Gaming
HP,Pavilion 15,3792,16,Trujillo,Profesional
Apple,MacBook Air M2,4635,2,Trujillo,Gaming
Apple,MacBook Air M3,5621,55,Miraflores,Premium
Lenovo,IdeaPad Slim 3,2744,37,Los Olivos,Profesional
MSI,Katana 15,5050,25,Miraflores,Gaming
ASUS,Vivobook 15,2552,53,Centro de Lima,Profesional
Acer,Aspire 5,2925,43,Centro de Lima,Profesional
HP,15-fd,2470,45,San Miguel,Oficina
ASUS,Vivobook 15,2506,40,Miraflores,Profesional
Apple,MacBook Air M2,5042,1,Arequipa,Gaming
Apple,MacBook Air M2,4977,15,Piura,Gaming
Lenovo,IdeaPad Slim 3,2649,17,Surco,Profesional
ASUS,Zenbook 14,4593,51,San Miguel,Gaming
Lenovo,ThinkPad E14,3233,6,Centro de Lima,Profesional
MSI,Katana 15,5132,44,San Isidro,Gaming
Lenovo,IdeaPad Slim 3,2901,32,Piura,Profesional
Dell,Vostro 3520,2912,24,Trujillo,Profesional
HP,Pavilion 15,3506,17,Los Olivos,Profesional
ASUS,Zenbook 14,4324,21,Centro de Lima,Gaming
Apple,MacBook Air M2,5282,39,Chiclayo,Gaming
ASUS,Vivobook 15,2642,15,Chiclayo,Profesional
Apple,MacBook Air M2,5180,49,Centro de Lima,Gaming
Acer,Nitro V 15,4442,14,Los Olivos,Gaming
Lenovo,ThinkPad E14,3489,39,Chiclayo,Profesional
HP,Pavilion 15,3251,35,Los Olivos,Profesional
Dell,Inspiron 15,3374,12,Chiclayo,Profesional
ASUS,Vivobook 15,2500,54,San Miguel,Profesional
ASUS,Zenbook 14,4710,15,San Isidro,Gaming
ASUS,Vivobook 15,2821,14,Piura,Profesional
ASUS,Zenbook 14,4456,16,Los Olivos,Gaming
ASUS,Vivobook 15,2519,55,Trujillo,Profesional
Lenovo,ThinkPad E14,3217,44,Trujillo,Profesional
Apple,MacBook Air M3,6334,60,Surco,Premium
HP,15-fd,2336,1,Trujillo,Oficina
Acer,Nitro V 15,4407,24,Arequipa,Gaming
ASUS,Zenbook 14,4455,21,Surco,Gaming
ASUS,Zenbook 14,4687,53,San Miguel,Gaming
Dell,Vostro 3520,2612,53,San Isidro,Profesional
Dell,Inspiron 15,2887,44,San Isidro,Profesional
MSI,Modern 15,3530,27,Los Olivos,Profesional
ASUS,Zenbook 14,4261,54,Chiclayo,Gaming
Dell,Vostro 3520,3162,53,Miraflores,Profesional
Acer,Nitro V 15,4430,49,Surco,Gaming
MSI,Modern 15,3649,24,San Isidro,Profesional
Apple,MacBook Air M2,5141,59,San Isidro,Gaming
HP,Pavilion 15,3387,26,Surco,Profesional
Acer,Nitro V 15,3684,24,San Isidro,Profesional
Acer,Nitro V 15,3663,7,Los Olivos,Profesional
Dell,Vostro 3520,3069,6,Los Olivos,Profesional
Dell,Inspiron 15,2940,13,San Miguel,Profesional
HP,15-fd,2474,35,Chiclayo,Oficina
HP,15-fd,2538,16,Los Olivos,Profesional
Dell,Vostro 3520,3181,49,Los Olivos,Profesional
Dell,Vostro 3520,3244,29,Centro de Lima,Profesional
HP,15-fd,2044,26,Arequipa,Oficina
Dell,Inspiron 15,2786,4,Piura,Profesional
MSI,Modern 15,3483,41,San Miguel,Profesional
ASUS,Zenbook 14,4457,14,Trujillo,Gaming
Apple,MacBook Air M3,6069,38,Los Olivos,Premium
Lenovo,ThinkPad E14,3491,12,San Isidro,Profesional
HP,Pavilion 15,3050,51,Arequipa,Profesional
Apple,MacBook Air M2,4716,48,Centro de Lima,Gaming
HP,Pavilion 15,3677,51,Los Olivos,Profesional
Acer,Nitro V 15,4117,5,Miraflores,Gaming
Dell,Vostro 3520,3107,11,San Miguel,Profesional
ASUS,Zenbook 14,4713,9,Trujillo,Gaming
Acer,Nitro V 15,4423,54,Piura,Gaming
Lenovo,ThinkPad E14,3795,59,Arequipa,Profesional
Apple,MacBook Air M2,5241,44,Los Olivos,Gaming
Lenovo,ThinkPad E14,3428,58,Miraflores,Profesional
HP,Pavilion 15,3177,28,Centro de Lima,Profesional
HP,Pavilion 15,3329,23,San Isidro,Profesional
ASUS,Zenbook 14,4616,25,Chiclayo,Gaming
MSI,Katana 15,5319,10,Centro de Lima,Gaming
Lenovo,IdeaPad Slim 3,2691,5,San Isidro,Profesional
Acer,Nitro V 15,4139,25,Centro de Lima,Gaming
Lenovo,IdeaPad Slim 3,2521,40,Miraflores,Profesional
Apple,MacBook Air M3,6239,40,Chiclayo,Premium
ASUS,Zenbook 14,4366,45,Los Olivos,Gaming
Acer,Aspire 5,2227,29,Miraflores,Oficina
Apple,MacBook Air M2,4813,42,San Miguel,Gaming
HP,Pavilion 15,2980,30,Centro de Lima,Profesional
ASUS,Vivobook 15,2607,47,Centro de Lima,Profesional
Dell,Vostro 3520,2419,46,San Isidro,Oficina
HP,Pavilion 15,3641,42,Trujillo,Profesional
ASUS,Vivobook 15,3099,55,Miraflores,Profesional
Acer,Aspire 5,2490,53,Surco,Oficina
Lenovo,ThinkPad E14,3265,17,Chiclayo,Profesional
Apple,MacBook Air M3,5978,15,San Miguel,Premium
Dell,Inspiron 15,2805,51,Miraflores,Profesional
Acer,Aspire 5,2708,29,San Isidro,Profesional
ASUS,Vivobook 15,2333,47,Arequipa,Oficina
MSI,Modern 15,2930,21,Piura,Profesional
Dell,Vostro 3520,2484,11,Centro de Lima,Oficina
Lenovo,ThinkPad E14,3614,18,Piura,Profesional
Acer,Nitro V 15,3971,47,Miraflores,Profesional
Dell,Inspiron 15,3233,14,San Isidro,Profesional
MSI,Katana 15,5659,12,Arequipa,Premium
Acer,Aspire 5,2146,58,Trujillo,Oficina
Apple,MacBook Air M2,5157,40,Surco,Gaming
MSI,Katana 15,5131,29,Trujillo,Gaming
Dell,Vostro 3520,3048,13,Los Olivos,Profesional
HP,Pavilion 15,3525,28,San Miguel,Profesional
ASUS,Vivobook 15,2998,43,Trujillo,Profesional
Lenovo,ThinkPad E14,3836,45,Chiclayo,Profesional
HP,Pavilion 15,3548,28,Centro de Lima,Profesional
Dell,Inspiron 15,2784,42,Surco,Profesional
HP,Pavilion 15,3778,32,San Miguel,Profesional
Dell,Inspiron 15,3049,11,Piura,Profesional
Apple,MacBook Air M2,4678,10,Surco,Gaming
ASUS,Zenbook 14,4780,31,Miraflores,Gaming
Apple,MacBook Air M2,5371,46,Centro de Lima,Gaming
Lenovo,ThinkPad E14,3812,7,Piura,Profesional
Lenovo,IdeaPad Slim 3,2576,18,Chiclayo,Profesional
Acer,Nitro V 15,4463,24,San Miguel,Gaming
MSI,Katana 15,5237,23,Piura,Gaming
Dell,Vostro 3520,2727,4,Surco,Profesional
Dell,Vostro 3520,3021,30,Centro de Lima,Profesional
Acer,Aspire 5,2881,58,Surco,Profesional
ASUS,Vivobook 15,2347,18,Chiclayo,Oficina
MSI,Katana 15,5051,59,Los Olivos,Gaming
Acer,Nitro V 15,4415,24,San Miguel,Gaming
